"Net Drift (%/year)","CILo","CIHi","race","er"
1.37657512525959,1.27566058629021,1.47759021893401,"NHW","Positive"
-0.722984252868064,-0.94766985645881,-0.497788983120162,"NHW","Negative"
1.52838390785996,1.27657007937043,1.78082384566747,"NHB","Positive"
0.473429320129459,0.0754186853017647,0.873022885785901,"NHB","Negative"
2.1160557911327,1.88681216076538,2.34581521585013,"HIS","Positive"
0.776433559297152,0.280797387551712,1.27451940457077,"HIS","Negative"
2.41235251168652,2.11455221768784,2.7110212912554,"API","Positive"
0.603233515791524,-0.0592821361157236,1.27014104118544,"API","Negative"
